,Salary,Salary,Salary,Salary,Experience,Experience
,mean,min,max,std,mean,count
Department,,,,,,
HR,47500.0,45000,50000,3535.5339059327375,1.0,2
IT,85000.0,80000,90000,5000.0,6.0,3
Sales,59000.0,55000,62000,3605.5512754639894,3.0,3
