EmployeeID,Name,Age,Department,Salary,Experience
1,Alice,25.0,HR,50000.0,2.0
2,Bob,30.0,IT,60000.0,5.0
3,Charlie,36.142857142857146,IT,87142.85714285714,1.0
4,David,28.0,,87142.85714285714,7.0
5,Eve,35.0,Finance,80000.0,10.0
6,Frank,36.142857142857146,Finance,90000.0,8.0
7,Grace,40.0,,100000.0,12.0
8,,45.0,HR,110000.0,7.0
9,Ivy,36.142857142857146,IT,87142.85714285714,3.0
10,Jack,50.0,HR,120000.0,15.0
